Filename,Label
000608.jpg,../data/image/000608.jpg
000146.jpg,../data/image/000146.jpg
000620.jpg,../data/image/000620.jpg
000813.jpg,../data/image/000813.jpg
200673.jpg,../data/image/200673.jpg
000191.jpg,../data/image/000191.jpg
000185.jpg,../data/image/000185.jpg
000378.jpg,../data/image/000378.jpg
000436.jpg,../data/image/000436.jpg
000422.jpg,../data/image/000422.jpg
000344.jpg,../data/image/000344.jpg
000393.jpg,../data/image/000393.jpg
000387.jpg,../data/image/000387.jpg
000218.jpg,../data/image/000218.jpg
000224.jpg,../data/image/000224.jpg
000542.jpg,../data/image/000542.jpg
000556.jpg,../data/image/000556.jpg
000230.jpg,../data/image/000230.jpg
000595.jpg,../data/image/000595.jpg
139843.jpg,../data/image/139843.jpg
000026.jpg,../data/image/000026.jpg
000032.jpg,../data/image/000032.jpg
200713.jpg,../data/image/200713.jpg
000797.jpg,../data/image/000797.jpg
139664.jpg,../data/image/139664.jpg
139659.jpg,../data/image/139659.jpg
000033.jpg,../data/image/000033.jpg
000755.jpg,../data/image/000755.jpg
000027.jpg,../data/image/000027.jpg
000594.jpg,../data/image/000594.jpg
000580.jpg,../data/image/000580.jpg
000557.jpg,../data/image/000557.jpg
000225.jpg,../data/image/000225.jpg
000543.jpg,../data/image/000543.jpg
000219.jpg,../data/image/000219.jpg
000392.jpg,../data/image/000392.jpg
202529.jpg,../data/image/202529.jpg
000423.jpg,../data/image/000423.jpg
000345.jpg,../data/image/000345.jpg
000351.jpg,../data/image/000351.jpg
000437.jpg,../data/image/000437.jpg
000379.jpg,../data/image/000379.jpg
000184.jpg,../data/image/000184.jpg
000190.jpg,../data/image/000190.jpg
000147.jpg,../data/image/000147.jpg
000621.jpg,../data/image/000621.jpg
000153.jpg,../data/image/000153.jpg
000609.jpg,../data/image/000609.jpg
000179.jpg,../data/image/000179.jpg
000145.jpg,../data/image/000145.jpg
000151.jpg,../data/image/000151.jpg
000186.jpg,../data/image/000186.jpg
000192.jpg,../data/image/000192.jpg
000409.jpg,../data/image/000409.jpg
000347.jpg,../data/image/000347.jpg
000421.jpg,../data/image/000421.jpg
000435.jpg,../data/image/000435.jpg
000353.jpg,../data/image/000353.jpg
000384.jpg,../data/image/000384.jpg
000390.jpg,../data/image/000390.jpg
000569.jpg,../data/image/000569.jpg
000555.jpg,../data/image/000555.jpg
000541.jpg,../data/image/000541.jpg
000227.jpg,../data/image/000227.jpg
000596.jpg,../data/image/000596.jpg
000582.jpg,../data/image/000582.jpg
000031.jpg,../data/image/000031.jpg
000025.jpg,../data/image/000025.jpg
000780.jpg,../data/image/000780.jpg
139666.jpg,../data/image/139666.jpg
200739.jpg,../data/image/200739.jpg
200711.jpg,../data/image/200711.jpg
000024.jpg,../data/image/000024.jpg
000030.jpg,../data/image/000030.jpg
000583.jpg,../data/image/000583.jpg
000597.jpg,../data/image/000597.jpg
000540.jpg,../data/image/000540.jpg
000226.jpg,../data/image/000226.jpg
000232.jpg,../data/image/000232.jpg
000554.jpg,../data/image/000554.jpg
000568.jpg,../data/image/000568.jpg
000434.jpg,../data/image/000434.jpg
000352.jpg,../data/image/000352.jpg
000346.jpg,../data/image/000346.jpg
000420.jpg,../data/image/000420.jpg
000193.jpg,../data/image/000193.jpg
000187.jpg,../data/image/000187.jpg
200671.jpg,../data/image/200671.jpg
000150.jpg,../data/image/000150.jpg
000636.jpg,../data/image/000636.jpg
000622.jpg,../data/image/000622.jpg
000144.jpg,../data/image/000144.jpg
000178.jpg,../data/image/000178.jpg
000140.jpg,../data/image/000140.jpg
000183.jpg,../data/image/000183.jpg
000197.jpg,../data/image/000197.jpg
000801.jpg,../data/image/000801.jpg
000424.jpg,../data/image/000424.jpg
000342.jpg,../data/image/000342.jpg
000430.jpg,../data/image/000430.jpg
000381.jpg,../data/image/000381.jpg
202506.jpg,../data/image/202506.jpg
000550.jpg,../data/image/000550.jpg
000236.jpg,../data/image/000236.jpg
000222.jpg,../data/image/000222.jpg
000544.jpg,../data/image/000544.jpg
000578.jpg,../data/image/000578.jpg
000587.jpg,../data/image/000587.jpg
000020.jpg,../data/image/000020.jpg
000008.jpg,../data/image/000008.jpg
000791.jpg,../data/image/000791.jpg
000784.jpg,../data/image/000784.jpg
139844.jpg,../data/image/139844.jpg
000747.jpg,../data/image/000747.jpg
000021.jpg,../data/image/000021.jpg
000586.jpg,../data/image/000586.jpg
000592.jpg,../data/image/000592.jpg
000579.jpg,../data/image/000579.jpg
000223.jpg,../data/image/000223.jpg
000545.jpg,../data/image/000545.jpg
000551.jpg,../data/image/000551.jpg
000380.jpg,../data/image/000380.jpg
000419.jpg,../data/image/000419.jpg
000431.jpg,../data/image/000431.jpg
000425.jpg,../data/image/000425.jpg
000343.jpg,../data/image/000343.jpg
000814.jpg,../data/image/000814.jpg
000196.jpg,../data/image/000196.jpg
000155.jpg,../data/image/000155.jpg
000141.jpg,../data/image/000141.jpg
000157.jpg,../data/image/000157.jpg
000625.jpg,../data/image/000625.jpg
000143.jpg,../data/image/000143.jpg
000180.jpg,../data/image/000180.jpg
000433.jpg,../data/image/000433.jpg
000341.jpg,../data/image/000341.jpg
000427.jpg,../data/image/000427.jpg
000396.jpg,../data/image/000396.jpg
000382.jpg,../data/image/000382.jpg
202539.jpg,../data/image/202539.jpg
000547.jpg,../data/image/000547.jpg
000221.jpg,../data/image/000221.jpg
000235.jpg,../data/image/000235.jpg
000553.jpg,../data/image/000553.jpg
000209.jpg,../data/image/000209.jpg
000584.jpg,../data/image/000584.jpg
000590.jpg,../data/image/000590.jpg
000023.jpg,../data/image/000023.jpg
000745.jpg,../data/image/000745.jpg
000779.jpg,../data/image/000779.jpg
139675.jpg,../data/image/139675.jpg
139661.jpg,../data/image/139661.jpg
200717.jpg,../data/image/200717.jpg
000022.jpg,../data/image/000022.jpg
000591.jpg,../data/image/000591.jpg
000585.jpg,../data/image/000585.jpg
000208.jpg,../data/image/000208.jpg
000234.jpg,../data/image/000234.jpg
000552.jpg,../data/image/000552.jpg
000383.jpg,../data/image/000383.jpg
000397.jpg,../data/image/000397.jpg
000368.jpg,../data/image/000368.jpg
000340.jpg,../data/image/000340.jpg
000426.jpg,../data/image/000426.jpg
000432.jpg,../data/image/000432.jpg
000354.jpg,../data/image/000354.jpg
000803.jpg,../data/image/000803.jpg
139714.jpg,../data/image/139714.jpg
000181.jpg,../data/image/000181.jpg
000195.jpg,../data/image/000195.jpg
000618.jpg,../data/image/000618.jpg
000624.jpg,../data/image/000624.jpg
000142.jpg,../data/image/000142.jpg
000156.jpg,../data/image/000156.jpg
000119.jpg,../data/image/000119.jpg
000125.jpg,../data/image/000125.jpg
000469.jpg,../data/image/000469.jpg
000333.jpg,../data/image/000333.jpg
000327.jpg,../data/image/000327.jpg
000441.jpg,../data/image/000441.jpg
000509.jpg,../data/image/000509.jpg
000521.jpg,../data/image/000521.jpg
000247.jpg,../data/image/000247.jpg
000253.jpg,../data/image/000253.jpg
202371.jpg,../data/image/202371.jpg
000290.jpg,../data/image/000290.jpg
000079.jpg,../data/image/000079.jpg
000045.jpg,../data/image/000045.jpg
139808.jpg,../data/image/139808.jpg
000051.jpg,../data/image/000051.jpg
000086.jpg,../data/image/000086.jpg
000092.jpg,../data/image/000092.jpg
000093.jpg,../data/image/000093.jpg
000087.jpg,../data/image/000087.jpg
000050.jpg,../data/image/000050.jpg
000078.jpg,../data/image/000078.jpg
000291.jpg,../data/image/000291.jpg
000285.jpg,../data/image/000285.jpg
000252.jpg,../data/image/000252.jpg
000534.jpg,../data/image/000534.jpg
000520.jpg,../data/image/000520.jpg
000508.jpg,../data/image/000508.jpg
000483.jpg,../data/image/000483.jpg
000497.jpg,../data/image/000497.jpg
000326.jpg,../data/image/000326.jpg
000440.jpg,../data/image/000440.jpg
000454.jpg,../data/image/000454.jpg
000468.jpg,../data/image/000468.jpg
000681.jpg,../data/image/000681.jpg
139772.jpg,../data/image/139772.jpg
139766.jpg,../data/image/139766.jpg
000130.jpg,../data/image/000130.jpg
000318.jpg,../data/image/000318.jpg
000442.jpg,../data/image/000442.jpg
000324.jpg,../data/image/000324.jpg
000330.jpg,../data/image/000330.jpg
000481.jpg,../data/image/000481.jpg
000495.jpg,../data/image/000495.jpg
000536.jpg,../data/image/000536.jpg
000244.jpg,../data/image/000244.jpg
000293.jpg,../data/image/000293.jpg
000287.jpg,../data/image/000287.jpg
000052.jpg,../data/image/000052.jpg
200767.jpg,../data/image/200767.jpg
139638.jpg,../data/image/139638.jpg
200773.jpg,../data/image/200773.jpg
000091.jpg,../data/image/000091.jpg
000085.jpg,../data/image/000085.jpg
000084.jpg,../data/image/000084.jpg
000090.jpg,../data/image/000090.jpg
200772.jpg,../data/image/200772.jpg
000047.jpg,../data/image/000047.jpg
000053.jpg,../data/image/000053.jpg
000286.jpg,../data/image/000286.jpg
000292.jpg,../data/image/000292.jpg
000523.jpg,../data/image/000523.jpg
000251.jpg,../data/image/000251.jpg
000480.jpg,../data/image/000480.jpg
000457.jpg,../data/image/000457.jpg
000443.jpg,../data/image/000443.jpg
000325.jpg,../data/image/000325.jpg
000319.jpg,../data/image/000319.jpg
000696.jpg,../data/image/000696.jpg
139759.jpg,../data/image/139759.jpg
000655.jpg,../data/image/000655.jpg
000133.jpg,../data/image/000133.jpg
000127.jpg,../data/image/000127.jpg
000123.jpg,../data/image/000123.jpg
000137.jpg,../data/image/000137.jpg
000651.jpg,../data/image/000651.jpg
000686.jpg,../data/image/000686.jpg
000321.jpg,../data/image/000321.jpg
000453.jpg,../data/image/000453.jpg
000309.jpg,../data/image/000309.jpg
000484.jpg,../data/image/000484.jpg
000490.jpg,../data/image/000490.jpg
000255.jpg,../data/image/000255.jpg
000533.jpg,../data/image/000533.jpg
000527.jpg,../data/image/000527.jpg
000241.jpg,../data/image/000241.jpg
000282.jpg,../data/image/000282.jpg
202439.jpg,../data/image/202439.jpg
000057.jpg,../data/image/000057.jpg
000043.jpg,../data/image/000043.jpg
139832.jpg,../data/image/139832.jpg
000094.jpg,../data/image/000094.jpg
200762.jpg,../data/image/200762.jpg
139628.jpg,../data/image/139628.jpg
000081.jpg,../data/image/000081.jpg
000095.jpg,../data/image/000095.jpg
000042.jpg,../data/image/000042.jpg
000730.jpg,../data/image/000730.jpg
000056.jpg,../data/image/000056.jpg
202410.jpg,../data/image/202410.jpg
000297.jpg,../data/image/000297.jpg
000254.jpg,../data/image/000254.jpg
000532.jpg,../data/image/000532.jpg
000491.jpg,../data/image/000491.jpg
000485.jpg,../data/image/000485.jpg
000452.jpg,../data/image/000452.jpg
000334.jpg,../data/image/000334.jpg
000320.jpg,../data/image/000320.jpg
000446.jpg,../data/image/000446.jpg
000136.jpg,../data/image/000136.jpg
000122.jpg,../data/image/000122.jpg
000652.jpg,../data/image/000652.jpg
000120.jpg,../data/image/000120.jpg
000108.jpg,../data/image/000108.jpg
139762.jpg,../data/image/139762.jpg
000875.jpg,../data/image/000875.jpg
000336.jpg,../data/image/000336.jpg
000450.jpg,../data/image/000450.jpg
000444.jpg,../data/image/000444.jpg
000322.jpg,../data/image/000322.jpg
000478.jpg,../data/image/000478.jpg
000493.jpg,../data/image/000493.jpg
000487.jpg,../data/image/000487.jpg
202566.jpg,../data/image/202566.jpg
000524.jpg,../data/image/000524.jpg
000530.jpg,../data/image/000530.jpg
000518.jpg,../data/image/000518.jpg
000281.jpg,../data/image/000281.jpg
000295.jpg,../data/image/000295.jpg
202406.jpg,../data/image/202406.jpg
202360.jpg,../data/image/202360.jpg
000040.jpg,../data/image/000040.jpg
000054.jpg,../data/image/000054.jpg
139819.jpg,../data/image/139819.jpg
200749.jpg,../data/image/200749.jpg
000083.jpg,../data/image/000083.jpg
000097.jpg,../data/image/000097.jpg
200761.jpg,../data/image/200761.jpg
000096.jpg,../data/image/000096.jpg
000082.jpg,../data/image/000082.jpg
000069.jpg,../data/image/000069.jpg
000055.jpg,../data/image/000055.jpg
000733.jpg,../data/image/000733.jpg
000041.jpg,../data/image/000041.jpg
202375.jpg,../data/image/202375.jpg
000280.jpg,../data/image/000280.jpg
000519.jpg,../data/image/000519.jpg
000531.jpg,../data/image/000531.jpg
000243.jpg,../data/image/000243.jpg
202567.jpg,../data/image/202567.jpg
000486.jpg,../data/image/000486.jpg
000492.jpg,../data/image/000492.jpg
000479.jpg,../data/image/000479.jpg
000445.jpg,../data/image/000445.jpg
000323.jpg,../data/image/000323.jpg
000337.jpg,../data/image/000337.jpg
000451.jpg,../data/image/000451.jpg
000690.jpg,../data/image/000690.jpg
000109.jpg,../data/image/000109.jpg
000121.jpg,../data/image/000121.jpg
000138.jpg,../data/image/000138.jpg
000110.jpg,../data/image/000110.jpg
000662.jpg,../data/image/000662.jpg
000104.jpg,../data/image/000104.jpg
000851.jpg,../data/image/000851.jpg
000879.jpg,../data/image/000879.jpg
139752.jpg,../data/image/139752.jpg
202581.jpg,../data/image/202581.jpg
000474.jpg,../data/image/000474.jpg
000312.jpg,../data/image/000312.jpg
000306.jpg,../data/image/000306.jpg
000460.jpg,../data/image/000460.jpg
202393.jpg,../data/image/202393.jpg
000528.jpg,../data/image/000528.jpg
000500.jpg,../data/image/000500.jpg
000514.jpg,../data/image/000514.jpg
000299.jpg,../data/image/000299.jpg
200547.jpg,../data/image/200547.jpg
000058.jpg,../data/image/000058.jpg
139815.jpg,../data/image/139815.jpg
000064.jpg,../data/image/000064.jpg
000070.jpg,../data/image/000070.jpg
139627.jpg,../data/image/139627.jpg
000071.jpg,../data/image/000071.jpg
202351.jpg,../data/image/202351.jpg
000273.jpg,../data/image/000273.jpg
000515.jpg,../data/image/000515.jpg
000501.jpg,../data/image/000501.jpg
000267.jpg,../data/image/000267.jpg
000529.jpg,../data/image/000529.jpg
000307.jpg,../data/image/000307.jpg
000461.jpg,../data/image/000461.jpg
000475.jpg,../data/image/000475.jpg
000313.jpg,../data/image/000313.jpg
000449.jpg,../data/image/000449.jpg
139753.jpg,../data/image/139753.jpg
139747.jpg,../data/image/139747.jpg
000844.jpg,../data/image/000844.jpg
000105.jpg,../data/image/000105.jpg
000111.jpg,../data/image/000111.jpg
000677.jpg,../data/image/000677.jpg
000139.jpg,../data/image/000139.jpg
000107.jpg,../data/image/000107.jpg
000661.jpg,../data/image/000661.jpg
000113.jpg,../data/image/000113.jpg
000339.jpg,../data/image/000339.jpg
000463.jpg,../data/image/000463.jpg
000305.jpg,../data/image/000305.jpg
000311.jpg,../data/image/000311.jpg
000488.jpg,../data/image/000488.jpg
000259.jpg,../data/image/000259.jpg
000517.jpg,../data/image/000517.jpg
000271.jpg,../data/image/000271.jpg
000265.jpg,../data/image/000265.jpg
202421.jpg,../data/image/202421.jpg
139816.jpg,../data/image/139816.jpg
000073.jpg,../data/image/000073.jpg
000067.jpg,../data/image/000067.jpg
000098.jpg,../data/image/000098.jpg
000099.jpg,../data/image/000099.jpg
200747.jpg,../data/image/200747.jpg
000700.jpg,../data/image/000700.jpg
000072.jpg,../data/image/000072.jpg
000714.jpg,../data/image/000714.jpg
202352.jpg,../data/image/202352.jpg
000264.jpg,../data/image/000264.jpg
000502.jpg,../data/image/000502.jpg
000516.jpg,../data/image/000516.jpg
000270.jpg,../data/image/000270.jpg
000258.jpg,../data/image/000258.jpg
202554.jpg,../data/image/202554.jpg
000489.jpg,../data/image/000489.jpg
000310.jpg,../data/image/000310.jpg
000476.jpg,../data/image/000476.jpg
000462.jpg,../data/image/000462.jpg
000304.jpg,../data/image/000304.jpg
000674.jpg,../data/image/000674.jpg
000112.jpg,../data/image/000112.jpg
000106.jpg,../data/image/000106.jpg
000660.jpg,../data/image/000660.jpg
000116.jpg,../data/image/000116.jpg
000466.jpg,../data/image/000466.jpg
000472.jpg,../data/image/000472.jpg
000314.jpg,../data/image/000314.jpg
000328.jpg,../data/image/000328.jpg
000499.jpg,../data/image/000499.jpg
202550.jpg,../data/image/202550.jpg
000274.jpg,../data/image/000274.jpg
000506.jpg,../data/image/000506.jpg
000248.jpg,../data/image/000248.jpg
000076.jpg,../data/image/000076.jpg
000062.jpg,../data/image/000062.jpg
139634.jpg,../data/image/139634.jpg
200743.jpg,../data/image/200743.jpg
000089.jpg,../data/image/000089.jpg
000088.jpg,../data/image/000088.jpg
000077.jpg,../data/image/000077.jpg
000249.jpg,../data/image/000249.jpg
000261.jpg,../data/image/000261.jpg
000498.jpg,../data/image/000498.jpg
000329.jpg,../data/image/000329.jpg
202586.jpg,../data/image/202586.jpg
000473.jpg,../data/image/000473.jpg
000315.jpg,../data/image/000315.jpg
000301.jpg,../data/image/000301.jpg
000467.jpg,../data/image/000467.jpg
000659.jpg,../data/image/000659.jpg
000103.jpg,../data/image/000103.jpg
000115.jpg,../data/image/000115.jpg
000129.jpg,../data/image/000129.jpg
000317.jpg,../data/image/000317.jpg
000471.jpg,../data/image/000471.jpg
000465.jpg,../data/image/000465.jpg
000459.jpg,../data/image/000459.jpg
000263.jpg,../data/image/000263.jpg
000505.jpg,../data/image/000505.jpg
000277.jpg,../data/image/000277.jpg
000288.jpg,../data/image/000288.jpg
000061.jpg,../data/image/000061.jpg
000713.jpg,../data/image/000713.jpg
139810.jpg,../data/image/139810.jpg
000049.jpg,../data/image/000049.jpg
139637.jpg,../data/image/139637.jpg
200755.jpg,../data/image/200755.jpg
000048.jpg,../data/image/000048.jpg
139805.jpg,../data/image/139805.jpg
000712.jpg,../data/image/000712.jpg
000706.jpg,../data/image/000706.jpg
202368.jpg,../data/image/202368.jpg
000538.jpg,../data/image/000538.jpg
000510.jpg,../data/image/000510.jpg
000262.jpg,../data/image/000262.jpg
000504.jpg,../data/image/000504.jpg
000458.jpg,../data/image/000458.jpg
000464.jpg,../data/image/000464.jpg
000316.jpg,../data/image/000316.jpg
000470.jpg,../data/image/000470.jpg
000100.jpg,../data/image/000100.jpg
000114.jpg,../data/image/000114.jpg
000629.jpg,../data/image/000629.jpg
000615.jpg,../data/image/000615.jpg
000167.jpg,../data/image/000167.jpg
000601.jpg,../data/image/000601.jpg
000198.jpg,../data/image/000198.jpg
000826.jpg,../data/image/000826.jpg
000359.jpg,../data/image/000359.jpg
000371.jpg,../data/image/000371.jpg
000417.jpg,../data/image/000417.jpg
000403.jpg,../data/image/000403.jpg
000365.jpg,../data/image/000365.jpg
000239.jpg,../data/image/000239.jpg
000205.jpg,../data/image/000205.jpg
000563.jpg,../data/image/000563.jpg
000577.jpg,../data/image/000577.jpg
000211.jpg,../data/image/000211.jpg
000588.jpg,../data/image/000588.jpg
000007.jpg,../data/image/000007.jpg
000013.jpg,../data/image/000013.jpg
000775.jpg,../data/image/000775.jpg
139686.jpg,../data/image/139686.jpg
202468.jpg,../data/image/202468.jpg
000589.jpg,../data/image/000589.jpg
000576.jpg,../data/image/000576.jpg
000210.jpg,../data/image/000210.jpg
000204.jpg,../data/image/000204.jpg
000562.jpg,../data/image/000562.jpg
000238.jpg,../data/image/000238.jpg
000402.jpg,../data/image/000402.jpg
000364.jpg,../data/image/000364.jpg
000370.jpg,../data/image/000370.jpg
000358.jpg,../data/image/000358.jpg
000166.jpg,../data/image/000166.jpg
000614.jpg,../data/image/000614.jpg
000172.jpg,../data/image/000172.jpg
000602.jpg,../data/image/000602.jpg
000164.jpg,../data/image/000164.jpg
000170.jpg,../data/image/000170.jpg
000616.jpg,../data/image/000616.jpg
000825.jpg,../data/image/000825.jpg
200679.jpg,../data/image/200679.jpg
000428.jpg,../data/image/000428.jpg
000400.jpg,../data/image/000400.jpg
000414.jpg,../data/image/000414.jpg
000372.jpg,../data/image/000372.jpg
000399.jpg,../data/image/000399.jpg
000548.jpg,../data/image/000548.jpg
000212.jpg,../data/image/000212.jpg
000574.jpg,../data/image/000574.jpg
000560.jpg,../data/image/000560.jpg
000206.jpg,../data/image/000206.jpg
000038.jpg,../data/image/000038.jpg
000010.jpg,../data/image/000010.jpg
000789.jpg,../data/image/000789.jpg
000011.jpg,../data/image/000011.jpg
139860.jpg,../data/image/139860.jpg
202443.jpg,../data/image/202443.jpg
000561.jpg,../data/image/000561.jpg
000207.jpg,../data/image/000207.jpg
000213.jpg,../data/image/000213.jpg
000575.jpg,../data/image/000575.jpg
000549.jpg,../data/image/000549.jpg
000398.jpg,../data/image/000398.jpg
000373.jpg,../data/image/000373.jpg
000367.jpg,../data/image/000367.jpg
000401.jpg,../data/image/000401.jpg
000429.jpg,../data/image/000429.jpg
000171.jpg,../data/image/000171.jpg
000617.jpg,../data/image/000617.jpg
000165.jpg,../data/image/000165.jpg
200687.jpg,../data/image/200687.jpg
000159.jpg,../data/image/000159.jpg
000161.jpg,../data/image/000161.jpg
000607.jpg,../data/image/000607.jpg
000613.jpg,../data/image/000613.jpg
000175.jpg,../data/image/000175.jpg
000405.jpg,../data/image/000405.jpg
000363.jpg,../data/image/000363.jpg
000377.jpg,../data/image/000377.jpg
000411.jpg,../data/image/000411.jpg
000571.jpg,../data/image/000571.jpg
000217.jpg,../data/image/000217.jpg
000203.jpg,../data/image/000203.jpg
000565.jpg,../data/image/000565.jpg
000559.jpg,../data/image/000559.jpg
000015.jpg,../data/image/000015.jpg
000773.jpg,../data/image/000773.jpg
139694.jpg,../data/image/139694.jpg
000029.jpg,../data/image/000029.jpg
139864.jpg,../data/image/139864.jpg
139656.jpg,../data/image/139656.jpg
202485.jpg,../data/image/202485.jpg
000558.jpg,../data/image/000558.jpg
000202.jpg,../data/image/000202.jpg
000564.jpg,../data/image/000564.jpg
000570.jpg,../data/image/000570.jpg
000216.jpg,../data/image/000216.jpg
000389.jpg,../data/image/000389.jpg
000438.jpg,../data/image/000438.jpg
000376.jpg,../data/image/000376.jpg
000410.jpg,../data/image/000410.jpg
000404.jpg,../data/image/000404.jpg
000362.jpg,../data/image/000362.jpg
000148.jpg,../data/image/000148.jpg
200696.jpg,../data/image/200696.jpg
000612.jpg,../data/image/000612.jpg
000174.jpg,../data/image/000174.jpg
000160.jpg,../data/image/000160.jpg
000606.jpg,../data/image/000606.jpg
000176.jpg,../data/image/000176.jpg
000610.jpg,../data/image/000610.jpg
000604.jpg,../data/image/000604.jpg
200694.jpg,../data/image/200694.jpg
139708.jpg,../data/image/139708.jpg
000374.jpg,../data/image/000374.jpg
000360.jpg,../data/image/000360.jpg
000406.jpg,../data/image/000406.jpg
000348.jpg,../data/image/000348.jpg
000566.jpg,../data/image/000566.jpg
000200.jpg,../data/image/000200.jpg
000214.jpg,../data/image/000214.jpg
000572.jpg,../data/image/000572.jpg
202493.jpg,../data/image/202493.jpg
000228.jpg,../data/image/000228.jpg
000599.jpg,../data/image/000599.jpg
000016.jpg,../data/image/000016.jpg
139682.jpg,../data/image/139682.jpg
000017.jpg,../data/image/000017.jpg
000003.jpg,../data/image/000003.jpg
000598.jpg,../data/image/000598.jpg
000229.jpg,../data/image/000229.jpg
000215.jpg,../data/image/000215.jpg
000573.jpg,../data/image/000573.jpg
000567.jpg,../data/image/000567.jpg
000201.jpg,../data/image/000201.jpg
202525.jpg,../data/image/202525.jpg
000349.jpg,../data/image/000349.jpg
000407.jpg,../data/image/000407.jpg
000413.jpg,../data/image/000413.jpg
000375.jpg,../data/image/000375.jpg
000188.jpg,../data/image/000188.jpg
000836.jpg,../data/image/000836.jpg
139721.jpg,../data/image/139721.jpg
000639.jpg,../data/image/000639.jpg
000605.jpg,../data/image/000605.jpg
000163.jpg,../data/image/000163.jpg
000177.jpg,../data/image/000177.jpg
000611.jpg,../data/image/000611.jpg
